suggest,Tシャツ,コーヒー,ポロシャツ
none,0.42358078602620086,1.0,0.32710280373831774
ウィメンズ,0.4017467248908297,0.0,0.308411214953271
メンズ,0.17467248908296942,0.0,0.3644859813084112
