suggest,Tシャツ,コーヒー,ポロシャツ
none,0.34591194968553457,1.0,0.3693181818181818
ウィメンズ,0.24528301886792453,0.0,0.22727272727272727
メンズ,0.4088050314465409,0.0,0.4034090909090909
