suggest,Tシャツ,コーヒー,ポロシャツ
none,0.5909090909090909,1.0,0.4772727272727273
ウィメンズ,0.14545454545454545,0.0,0.1590909090909091
メンズ,0.2636363636363636,0.0,0.36363636363636365
